SLNO,numPS,namePSe,namePSh,PART_CATEGORY,PART_LAT_LONG,latPS,longPS,acPS
1,1,COMPOSIT VIDYALAYA SARSAWA R.NO.1,कम्‍पोजिट विद्यालय सरसवां क0सं0 1,U,25.391504281022176-82.94655606150626,25.3918718,82.9456269,386
2,2,COMPOSIT VIDYALAYA SARSAWA R.NO.2,कम्‍पोजिट विद्यालय सरसवां क0सं0 2,U,25.386896053833116-82.94259645044802,25.3911367,82.94534,386
3,3,COMPOSIT VIDYALAYA SARSAWA R.NO.3,कम्‍पोजिट विद्यालय सरसवां क0सं0 3,U,25.38954155031358-82.9516676813364,25.3910151,82.9450337,386
4,4,PRATHMIK VIDYALAYA LODHAN R.NO.1,प्राथमिक विद्यालय लोढ़ान क0सं0 1,U,25.378574508160767-82.96107485890388,25.3804383,82.9597504,386
5,5,PRATHMIK VIDYALAYA LODHAN R.NO.2,प्राथमिक विद्यालय लोढ़ान क0सं0 2,U,25.38294587499839-82.96006768941879,25.3804702,82.9596897,386
6,6,PRATHMIK VIDYALAYA KANUDIH R.NO.1,प्राथमिक विद्यालय कानूडीह क0सं0 1,U,-0.020328126,25.3873391,82.9552602,386
7,7,PRATHMIK VIDYALAYA KANUDIH R.NO.- 2,प्राथमिक विद्यालय कानूहीड क0सं0 2,U,25.39053140059176-82.9612884297967,25.38732,82.9552217,386
8,8,PRATHMIK VIDYALAYA DANDUPUR R.NO 1,प्राथमिक विद्यालय दान्‍दूपुर क0स0 1,U,25.38728527924451-82.95554347336292,25.3887828,82.9641372,386
9,9,PRATHMIK VIDYALAYA DANDUPUR R.NO 2,प्राथमिक विद्यालय दान्‍दूपुर क0स0 2,U,25.38786926645745-82.96436190605162,25.3874462,82.9642786,386
10,10,PRATHMIK VIDYALAYA GANESHPUR R.NO. 1,प्राथमिक विद्यालय गनेशपुर क0सं0 1,U,25.386814876702033-82.96715039759874,25.372423,82.9344694,386
11,11,PRATHMIK VIDYALAYA GANESHPUR R.NO.- 2,प्राथमिक विद्यालय गनेशपुर क0सं0 2,U,25.368245385779204-82.92901609092951,25.3722421,82.9340893,386
12,12,PRATHMIK VIDYALAYA HOLAPUR R.NO.-1,प्राथमिक विद्यालय होलापुर क0सं0 1,U,25.37310424564066-82.93150316923858,25.37706,82.95301,386
13,13,PRATHMIK VIDYALAYA HOLAPUR R.NO.-2,प्राथमिक विद्यालय होलापुर क0सं0 2,U,25.37539470966216-82.93318189680576,25.3771053,82.9527588,386
14,14,PURVA MADHYAMIK VIDYALAYA CHUPPEYPUR DEHAT R.NO.-1,पूर्व माध्‍यमिक विद्यालय चुप्‍पेपुर देहात क0सं0 1,U,25.375545567955637-82.9516676813364,25.3753027,82.9466696,386
15,15,PURVA MADHYAMIK VIDYALAYA CHUPPEYPUR DEHAT R.NO.-2,पूर्व माध्‍यमिक विद्यालय चुप्‍पेपुर देहात क0सं0 2,U,25.37873081504527-82.94898211956026,25.3757546,82.944459,386
16,16,PURVA MADHYAMIK VIDYALAYA CHUPPEYPUR DEHAT R.NO.-3,पूर्व माध्‍यमिक विद्यालय चुप्‍पेपुर देहात क0सं0 3,U,25.368770693721743-82.94864650815725,25.3752676,82.9467537,386
17,17,PURVA MADHYAMIK VIDYALAYA CHUPPEYPUR DEHAT R.NO.-4,पूर्व माध्‍यमिक विद्यालय चुप्‍पेपुर देहात क0सं0 4,U,25.375513154643397-82.95099645853043,25.3749064,82.9475213,386
18,18,PRATHMIK VIDYALAYA BANSDEOPUR,प्राथमिक विद्यालय बांसदेवपुर,U,25.367633819580078-82.9500961303711,25.3774883,82.9409317,386
19,19,PRATHMIK VIDYALAYA HATIYA R.NO.- 1,प्राथमिक विद्यालय हटिया क0सं0 1,U,25.37198823077209-82.94662479311229,25.3713949,82.9419211,386
20,20,PRATHMIK VIDYALAYA HATIYA R.NO.- 2,प्राथमिक विद्यालय हटिया क0सं0 2,U,25.37920579286382-82.9281386733055,25.3717734,82.9419919,386
21,21,BASIC PRATHMIK VIDYALAYA PISAUR R.NO.- 1,बेसिक प्राथमिक विद्यालय पिसौर क0सं0 1,U,25.37182797697627-82.94151317328216,25.3451663,82.9426042,386
22,22,BASIC PRATHMIK VIDYALAYA PISAUR R.NO.- 2,बेसिक प्राथमिक विद्यालय पिसौर क0सं0 2,U,25.367439242678792-82.94393923133612,25.3451511,82.9425246,386
23,23,BASIC PRATHMIK VIDYALAYA PISAUR R.NO.- 3,बेसिक प्राथमिक विद्यालय पिसौर क0सं0 3,U,25.343847254808708-82.93586745858194,25.3451064,82.942281,386
24,24,PRATHMIK VIDYALAYA BHAWANIPUR R.NO.- 1,प्राथमिक विद्यालय भवानीपुर क0सं0 1,U,25.34608827793033-82.94328309595583,25.3518523,82.9439589,386
25,25,PRATHMIK VIDYALAYA BHAWANIPUR R.NO.- 2,प्राथमिक विद्यालय भवानीपुर क0सं0 2,U,25.331873015738584-82.94011205434799,25.3519008,82.943803,386
26,26,PRATHMIK VIDYALAYA BHAWANIPUR R.NO.- 3,प्राथमिक विद्यालय भवानीपुर क0सं0 3,U,25.348684370707833-82.93688200414181,25.3501436,82.944274,386
27,27,NANDGHAR BHAWANIPUR,नन्‍दघर भवानीपुर,U,25.351803062543016-82.9440850764513,25.3527718,82.9420273,386
28,28,COMPOSIT VIDYALAYA DANIYALPUR R.NO.-1,कम्‍पोजिट विद्यालय दानियालपुर क0सं0 1,U,25.334369716295395-82.95334640890361,25.3349031,82.9524705,386
29,29,COMPOSIT VIDYALAYA DANIYALPUR R.NO.-2,कम्‍पोजिट विद्यालय दानियालपुर क0सं0 2,U,25.319152043533837-82.93122086673975,25.3346141,82.9527802,386
30,30,PRATHMIK VIDYALAYA AIRHEY R.NO.-1,प्राथमिक विद्यालय ऐढ़े क0सं0 1,U,25.357479099482646-82.94319156557322,25.3849033,82.9815403,386
31,31,PRATHMIK VIDYALAYA AIRHEY R.NO.-2,प्राथमिक विद्यालय ऐढ़े क0सं0 2,U,25.3343524435106-82.95301046222447,25.3849035,82.9815393,386
32,32,JILA GRAMYA VIKAS SANSTHAN PARMANANDPUR R.NO.-1,जिला ग्राम्‍य विकास संस्‍थान परमानन्‍दपुर क0सं0 1,U,25.335274564346825-82.95240093022585,25.3741192,82.9659211,386
33,33,JILA GRAMYA VIKAS SANSTHAN PARMANANDPUR R.NO.-2,जिला ग्राम्‍य विकास संस्‍थान परमानन्‍दपुर क0सं0 2,U,25.334411534606293-82.95302588492633,25.3742027,82.9661039,386
34,34,JILA GRAMYA VIKAS SANSTHAN PARMANANDPUR R.NO.-3,जिला ग्राम्‍य विकास संस्‍थान परमानन्‍दपुर क0सं0 3,U,25.374149322509766-82.96620178222656,25.3742253,82.9661255,386
35,35,SRI RAMESHWAR MAHADEV INTER COLLAGE CHANDMARI R.NO.1,श्री रामेश्वर महादेव इंटर कालेज चांदमारी क0सं0 1,U,25.377651202902673-82.97061145305635,25.3776928,82.9705906,386
36,36,SRI RAMESHWAR MAHADEV INTER COLLAGE CHANDMARI R.NO.2,श्री रामेश्वर महादेव इंटर कालेज चांदमारी क0सं0 2,U,25.375332003448598-82.96972665935755,25.3777407,82.9705447,386
37,37,SRI RAMESHWAR MAHADEV INTER COLLAGE CHANDMARI R.NO.3,श्री रामेश्वर महादेव इंटर कालेज चांदमारी क0सं0 3,U,25.37532806537612-82.96973403543234,25.3777524,82.9701029,386
38,38,SRI RAMESHWAR MAHADEV INTER COLLAGE CHANDMARI R.NO.4,श्री रामेश्वर महादेव इंटर कालेज चांदमारी क0सं0 4,U,25.374298103553514-82.96695694327353,25.3778085,82.9705433,386
39,39,SRI RAMESHWAR MAHADEV INTER COLLAGE CHANDMARI R.NO.5,श्री रामेश्वर महादेव इंटर कालेज चांदमारी क0सं0 5,U,25.377651202902673-82.97061145305635,25.3778813,82.9700882,386
40,40,UMA PUBLIC SCHOOL LALPUR MIRAPUR BASAHI R. NO.1,उमा पब्लिक स्कूल लालपुर मीरापुर बसहीं क0सं0 1,U,25.377653020439627-82.97061145305635,25.37765302,82.97061145,386
41,41,UMA PUBLIC SCHOOL LALPUR MIRAPUR BASAHI R. NO.2,उमा पब्लिक स्कूल लालपुर मीरापुर बसहीं क0सं0 2,U,25.37766846950276-82.9705886542797,25.37766847,82.97058865,386
42,42,UMA PUBLIC SCHOOL LALPUR MIRAPUR BASAHI R. NO.3,उमा पब्लिक स्कूल लालपुर मीरापुर बसहीं क0सं0 3,U,25.377659684741595-82.97061145305635,25.37752,82.975741,386
43,43,PRATHMIK VIDYALAYA RAMDUTTAPUR (HASIMPUR) R.NO. 1,प्राथमिक विद्यालय रमदत्‍तपुर (हासिमपुर) क0सं0 1,U,25.37766846950276-82.9705886542797,25.37766847,82.97058865,386
44,44,PRATHMIK VIDYALAYA RAMDUTTAPUR (HASIMPUR) R.NO. 2,प्राथमिक विद्यालय रमदत्‍तपुर (हासिमपुर) क0सं0 2,U,25.377567293249477-82.97575391829014,25.37756729,82.97575392,386
45,45,PRATHMIK VIDYALAYA RAMDUTTAPUR (HASIMPUR) R.NO. 3,प्राथमिक विद्यालय रमदत्‍तपुर (हासिमपुर) क0सं0 3,U,25.37740129130904-82.97594435513021,25.37740129,82.97594436,386
46,46,PURVA MADHYAMIK VIDYALAYA RAMDUTTAPUR R.NO. 1,पूर्व माध्यमिक विद्यालय रमदत्‍तपुर क0सं0 1,U,25.37735373231688-82.9758682474494,25.37735373,82.97586825,386
47,47,PURVA MADHYAMIK VIDYALAYA RAMDUTTAPUR R.NO. 2,पूर्व माध्यमिक विद्यालय रमदत्‍तपुर क0सं0 2,U,-4.132671542,25.37734216,82.97585896,386
48,48,PRATHMIK VIDYALAYA SOYEPUR R.NO.-1,प्राथमिक विद्यालय सोयेपुर क0सं0 1,U,25.365961148217853-82.9936982318759,25.3732493,82.9985282,386
49,49,PRATHMIK VIDYALAYA SOYEPUR R.NO.-2,प्राथमिक विद्यालय सोयेपुर क0सं0 2,U,25.37071528266093-82.99943178892134,25.37071528,82.99943179,386
50,50,PRATHMIK VIDYALAYA SOYEPUR R.NO.-3,प्राथमिक विद्यालय सोयेपुर क0सं0 3,U,25.35232359416212-82.97263350337744,25.3732517,82.9985239,386
51,51,KANYA PURVA MADHYAMIK VIDYALAYA MADHAWA R.NO.-1,कन्या पूर्व माध्यमिक विद्यालय मढ़वा क0सं0 1,U,25.370459903783065-82.99991726875305,25.3734803,82.9884771,386
52,52,KANYA PURVA MADHYAMIK VIDYALAYA MADHAWA R.NO.-2,कन्या पूर्व माध्यमिक विद्यालय मढ़वा क0सं0 2,U,25.371005801985493-83.00063207745552,25.3710058,83.00063208,386
53,53,PRATHMIK VIDYALAYA MARHAWA LAMAHI R.NO.-1,प्राथमिक विद्यालय मढ़वा लमहीं क0स0 1,U,25.371478992549356-82.9976960644126,25.3791633,82.9883531,386
54,54,PRATHMIK VIDYALAYA MARHAWA LAMAHI R.NO.-2,प्राथमिक विद्यालय मढ़वा लमहीं क0स0 2,U,25.374520151947777-82.99610283225775,25.3791278,82.9882913,386
55,55,PRATHMIK VIDYALAYA RASULPUR,प्राथमिक विद्यालय रसूलपुर,U,25.373718291770214-82.99861103296281,25.37371829,82.99861103,386
56,56,PRATHMIK VIDYALAYA MAJHAMITIYA,प्राथमिक विद्यालय मझमिटिया,U,25.374871248098483-82.99757033586502,25.37487125,82.99757034,386
57,57,SARDAR PATEL INTER COLLAGE BAWANBIGHA HARBALLAMPUR,सरदार पटेल इण्‍टर कालेज बावनबीघा हरबल्‍लमपुर,U,25.373848249825674-82.98872072249651,25.3848133,82.9947733,386
58,58,COMPOSIT VIDYALAYA BANWARIPUR,कम्‍पोजिट विद्यालय बनवारीपुर,U,25.37356197839944-82.98728171736,25.3838677,82.9879852,386
59,59,PRATHMIK VIDYALAYA BANIYAPUR,प्राथमिक विद्यालय बनियापुर,U,25.378682650736145-82.98832710832357,25.37868265,82.98832711,386
60,60,COMPOSIT VIDYALAYA CHANDAPUR R.NO.-1,कम्‍पोजिट विद्यालय चन्‍दापुर क0सं0 1,R,25.378839563320394-82.98799149692059,25.37883956,82.9879915,386
61,61,COMPOSIT VIDYALAYA CHANDAPUR R.NO.-2,कम्‍पोजिट विद्यालय चन्‍दापुर क0सं0 2,R,25.37196611636679-82.98606030642986,25.37196612,82.98606031,386
62,62,PRATHMIK VIDYALAYA UDAIPUR R.NO. 1,प्राथमिक विद्यालय उदयपुर क0सं0 1,R,25.37198096028311-82.98610556870699,25.4078211,82.9950685,386
63,63,PRATHMIK VIDYALAYA UDAIPUR R.NO. 2,प्राथमिक विद्यालय उदयपुर क0सं0 2,R,25.366328628607256-82.99294285476208,25.4063573,82.9959726,386
64,64,PRATHMIK VIDYALAYA UDAIPUR R.NO. 3,प्राथमिक विद्यालय उदयपुर क0सं0 3,R,25.384926887208792-82.9950812458992,25.4053226,82.9986814,386
65,65,PRATHMIK VIDYALAYA UDAIPUR R.NO. 4,प्राथमिक विद्यालय उदयपुर क0सं0 4,R,25.379915226917838-82.9768405482173,25.37991523,82.97684055,386
66,66,COMPOSIT VIDYALAYA ADAMPUR R.NO. 1,कम्‍पोजिट विद्यालय आदमपुर क0सं0 1,R,25.385366400956062-82.98761732876301,25.3853664,82.98761733,386
67,67,COMPOSIT VIDYALAYA ADAMPUR R.NO. 2,कम्‍पोजिट विद्यालय आदमपुर क0सं0 2,R,6.239488720865166E-4--2.4106353521347049E-4,25.385421,82.98762653,386
68,68,PRATHMIK VIDYALAYA TARAPUR,प्राथमिक विद्यालय तारापुर,R,25.410042333502645-82.9850672185421,25.3984773,82.9956889,386
69,69,PRATHMIK VIDYALAYA HRIDAIPUR R.NO.-1,प्राथमिक विद्यालय हृदयपुर क0सं0 1,U,25.407951497336782-82.99843333661556,25.4079515,82.99843334,386
70,70,PRATHMIK VIDYALAYA HRIDAIPUR R.NO.-2,प्राथमिक विद्यालय हृदयपुर क0सं0 2,U,25.405382117745415-82.9980316758156,25.3888859,83.0070408,386
71,71,PRATHMIK VIDYALAYA RAJANAHIYA,प्राथमिक विद्यालय रजनहिया,U,25.40796088558713-82.9980316758156,25.3907899,83.0014054,386
72,72,SRI SANKAT MOCHAN INTER COLLAGE SINGHPUR R.NO. 1,श्री संकटमोचन इण्‍टर कालेज सिंहपुर क0सं0 1,U,25.404176150084645-82.99568172544241,25.40417615,82.99568173,386
73,73,SRI SANKAT MOCHAN INTER COLLAGE SINGHPUR R.NO. 2,श्री संकटमोचन इण्‍टर कालेज सिंहपुर क0सं0 2,U,25.405382117745415-82.9980316758156,25.40538212,82.99803168,386
74,74,COMPOSIT VIDYALAYA GOITHAHA R.NO. 1,कम्‍पोजिट विद्यालय गोइठहां क0सं0 1,U,25.392660096398295-82.98803709447384,25.3926601,82.98803709,386
75,75,COMPOSIT VIDYALAYA GOITHAHA R.NO. 2,कम्‍पोजिट विद्यालय गोइठहां क0सं0 2,U,25.392660096398295-82.98803709447384,25.3926601,82.98803709,386
76,76,COMPOSIT VIDYALAYA GOITHAHA R.NO. 3,कम्‍पोजिट विद्यालय गोइठहां क0सं0 3,U,25.397363811568734-82.99700941890478,25.3780406,82.9997697,386
77,77,COMPOSIT VIDYALAYA NAWAPURA R.NO.-1,कम्‍पोजिट विद्यालय नवापुरा क0सं0 1,R,25.387053258644485-83.00743114203213,25.4136693,83.0124861,386
78,78,COMPOSIT VIDYALAYA NAWAPURA R.NO.-2,कम्‍पोजिट विद्यालय नवापुरा क0सं0 2,R,25.389030568734785-83.01045231521128,25.38903057,83.01045232,386
79,79,COMPOSIT VIDYALAYA NAWAPURA R.NO.-3,कम्‍पोजिट विद्यालय नवापुरा क0सं0 3,R,25.388900627016227-83.00777446478604,25.38890063,83.00777446,386
80,80,COMPOSIT VIDYALAYA SATHAWA R.NO.- 1,कम्‍पोजिट विद्यालय सथवां क0सं0 1,R,25.385120443081004-83.02120193839073,25.4079283,83.0050828,386
81,81,COMPOSIT VIDYALAYA SATHAWA R.NO.- 2,कम्‍पोजिट विद्यालय सथवां क0सं0 2,R,25.40509410396288-83.00743114203213,25.4039857,83.0059859,386
82,82,COMPOSIT VIDYALAYA SATHAWA R.NO.- 3,कम्‍पोजिट विद्यालय सथवां क0सं0 3,R,25.377838106144424-82.99971006810665,25.4055097,83.0084408,386
83,83,PRATHMIK VIDYALAYA DHOORIPUR R.NO.- 1,प्राथमिक विद्यालय धूरीपुर क0सं0 1,R,25.37639618709633-83.00038162618877,25.4021801,83.0027833,386
84,84,PRATHMIK VIDYALAYA DHOORIPUR R.NO.- 2,प्राथमिक विद्यालय धूरीपुर क0सं0 2,R,25.36942111509753-83.03194418549536,25.402295,83.0026017,386
85,85,PRATHMIK VIDYALAYA HIRAMANPUR R.NO.-1,प्राथमिक विद्यालय हीरामनपुर क0सं0 1,U,0.0-0.0,25.3646564,83.0342348,386
86,86,PRATHMIK VIDYALAYA HIRAMANPUR R.NO.-2,प्राथमिक विद्यालय हीरामनपुर क0सं0 2,U,25.402849329446294-83.01448836922646,25.40284933,83.01448837,386
87,87,PRATHMIK VIDYALAYA HIRAMANPUR R.NO.-3,प्राथमिक विद्यालय हीरामनपुर क0सं0 3,U,1.2069940567016602-1561150.0,25.40336295,83.0089201,386
88,88,PRATHMIK VIDYALAYA HIRAMANPUR R.NO.-4,प्राथमिक विद्यालय हीरामनपुर क0सं0 4,U,25.403371761135684-83.00893418490887,25.40337176,83.00893418,386
89,89,PRATHMIK VIDYALAYA ASHAPUR PRATHAM R.NO-1,प्राथमिक विद्यालय आशापुर प्रथम क0सं0 1,U,25.404836677812956-83.00978075712919,25.40483668,83.00978076,386
90,90,PRATHMIK VIDYALAYA ASHAPUR PRATHAM R.NO-2,प्राथमिक विद्यालय आशापुर प्रथम क0सं0 2,U,25.403844219150223-83.00951018929482,25.3623132,83.028561,386
91,91,PRATHMIK VIDYALAYA ASHAPUR PRATHAM R.NO-3,प्राथमिक विद्यालय आशापुर प्रथम क0सं0 3,U,25.392045843692706-82.99740605056286,25.361699,82.9712875,386
92,92,COMPOSIT VIDYALAYA ASHAPUR R.NO.1,कम्‍पोजिट विद्यालय आशापुर क0सं0 1,U,25.404165267944336-82.99568176269531,25.3610848,83.0307058,386
93,93,COMPOSIT VIDYALAYA ASHAPUR R.NO.2,कम्‍पोजिट विद्यालय आशापुर क0सं0 2,U,25.369451409440504-83.03261574357748,25.3606742,83.0296898,386
94,94,CHATURANAN BRAMHCHARI SEWASHRAM ASHAPUR TILMAPUR R.NO. 1,चतुरानन ब्रम्‍हचारी सेवाश्रम आशापुर तिलमापुर क0सं0 1,U,25.373162106065298-83.03295135498047,25.3560262,83.0368631,386
95,95,CHATURANAN BRAMHCHARI SEWASHRAM ASHAPUR TILMAPUR R.NO. 2,चतुरानन ब्रम्‍हचारी सेवाश्रम आशापुर तिलमापुर क0सं0 2,U,25.36947049487267-83.02523028105497,25.3566196,83.0376908,386
96,96,CHATURANAN BRAMHCHARI SEWASHRAM ASHAPUR TILMAPUR R.NO. 3,चतुरानन ब्रम्‍हचारी सेवाश्रम आशापुर तिलमापुर क0सं0 3,U,25.369277822752313-83.02892301231623,25.3566136,83.0376806,386
97,97,PRATHMIK VIDYALAYA SALARPUR R.NO.1,प्राथमिक विद्यालय सलारपुर क0सं0 1,U,25.362000892934642-83.0285568907857,25.3483158,83.0333212,386
98,98,PRATHMIK VIDYALAYA SALARPUR R.NO.2,प्राथमिक विद्यालय सलारपुर क0सं0 2,U,25.362708913216046-83.03026579320432,25.3479645,83.0323152,386
99,99,PRATHMIK VIDYALAYA SALARPUR R.NO.3,प्राथमिक विद्यालय सलारपुर क0सं0 3,U,25.36051546078342-83.03096015006304,25.3482288,83.03359,386
100,100,PRATHMIK VIDYALAYA SALARPUR R.NO.4,प्राथमिक विद्यालय सलारपुर क0सं0 4,U,25.36051546078342-83.03095243871213,25.3479569,83.0323155,386
101,101,VIDYA BIHAR INTER COLLEGE SALARPUR R.NO.1,विद्या बिहार इण्‍टर कालेज सलारपुर क0सं0 1,U,25.361700051225814-83.02896123379469,25.3485082,83.0324509,386
102,102,VIDYA BIHAR INTER COLLEGE SALARPUR R.NO.2,विद्या बिहार इण्‍टर कालेज सलारपुर क0सं0 2,U,25.354167857831232-83.03693376481533,25.3483692,83.0324196,386
103,103,VIDYA BIHAR INTER COLLEGE SALARPUR R.NO.3,विद्या बिहार इण्‍टर कालेज सलारपुर क0सं0 3,U,25.35601603207276-83.0371855571866,25.3485663,83.0324404,386
104,104,PRATHMIK VIDYALAYA RAGHUNATHPUR R.NO. 1,प्राथमिक विद्यालय रघुनाथपुर क0सं0 1,U,25.34712787312548-83.032440058887,25.34712787,83.03244006,386
105,105,PRATHMIK VIDYALAYA RAGHUNATHPUR R.NO. 2,प्राथमिक विद्यालय रघुनाथपुर क0सं0 2,U,25.347379665313-83.03328696638346,25.34737967,83.03328697,386
106,106,COMPOSIT VIDYALAYA RASULGARH R.NO.1,कम्‍पोजिट विद्यालय रसूलगढ क0सं0 1,U,25.347715387414333-83.03261574357748,25.3543894,83.031521,386
107,107,COMPOSIT VIDYALAYA RASULGARH R.NO.2,कम्‍पोजिट विद्यालय रसूलगढ क0सं0 2,U,25.347963239414664-83.0325010791421,25.3545243,83.0313942,386
108,108,COMPOSIT VIDYALAYA RASULGARH R.NO.3,कम्‍पोजिट विद्यालय रसूलगढ क0सं0 3,U,25.348180791240868-83.03462974727154,25.34818079,83.03462975,386
109,109,PRATHMIK VIDYALAYA LEDHUPUR R.NO.1,प्राथमिक विद्यालय लेढूपुर क0सं0 1,U,25.34852378301886-83.0334395170212,25.34852378,83.03343952,386
110,110,PRATHMIK VIDYALAYA LEDHUPUR R.NO.2,प्राथमिक विद्यालय लेढूपुर क0सं0 2,U,25.347877491163928-83.03231064230204,25.34787749,83.03231064,386
111,111,PRATHMIK VIDYALAYA LEDHUPUR R.NO.3,प्राथमिक विद्यालय लेढूपुर क0सं0 3,U,25.357034636685245-83.04092153906822,25.35703464,83.04092154,386
112,112,PRATHMIK VIDYALAYA LEDHUPUR R.NO.4,प्राथमिक विद्यालय लेढूपुर क0सं0 4,U,25.347977480284335-83.0325010791421,25.34797748,83.03250108,386
113,113,COMPOSIT VIDYALAYA RUSTAMPUR R.NO. 1,कम्‍पोजिट विद्यालय रूस्‍तमपुर क0सं0 1,U,25.353393131143818-83.04335027933122,25.35339313,83.04335028,386
114,114,COMPOSIT VIDYALAYA RUSTAMPUR R.NO. 2,कम्‍पोजिट विद्यालय रूस्‍तमपुर क0सं0 2,U,25.352268147652733-83.04258719086647,25.35226815,83.04258719,386
115,115,COMPOSIT VIDYALAYA RUSTAMPUR R.NO. 3,कम्‍पोजिट विद्यालय रूस्‍तमपुर क0सं0 3,U,25.35410514060319-83.03132627159358,25.35410514,83.03132627,386
116,116,PRATHMIK VIDYALAYA SANDAHA R.NO. 1,प्राथमिक विद्यालय सन्‍दहां क0सं0 1,U,25.354177553245222-83.0313416942954,25.3811968,83.0483517,386
117,117,PRATHMIK VIDYALAYA SANDAHA R.NO. 2,प्राथमिक विद्यालय सन्‍दहां क0सं0 2,U,25.354177553245222-83.03136449307203,25.3811017,83.0484683,386
118,118,PRATHMIK VIDYALAYA SANDAHA R.NO. 3,प्राथमिक विद्यालय सन्‍दहां क0सं0 3,U,25.349735260009766-83.0285873413086,25.3811433,83.0484783,386
119,119,PRATHMIK VIDYALAYA FARIDPUR,प्राथमिक विद्यालय फरीदपुर,U,25.356863021850586-83.04108428955078,25.35686302,83.04108429,386
120,120,COMPOSIT VIDYALAYA SULTANPUR,कम्‍पोजिट विद्यालय सुल्‍तानपुर,R,25.37090098487491-83.04397590458393,25.3956824,83.0420111,386
121,121,PURVA MADHYAMIK VIDYALAY CHIRAIGAON R.NO.- 1,पूर्व माध्यमिक विद्यालय चिरईगांव क0सं01,R,25.357118863571234-83.04127424955368,25.3658139,83.0584995,386
122,122,PURVA MADHYAMIK VIDYALAY CHIRAIGAON R.NO.- 2,पूर्व माध्यमिक विद्यालय चिरईगांव क0सं02,R,25.356866788687054-83.04109185934067,25.3655436,83.058555,386
123,123,PRATHMIK VIDYALAYA CHIRAIGAON R.NO.1,प्राथमिक विद्यालय चिरईगांव क0सं0 1,R,25.357051906231394-83.04119110107422,25.3666196,83.058798,386
124,124,PRATHMIK VIDYALAYA CHIRAIGAON R.NO.2,प्राथमिक विद्यालय चिरईगांव क0स0 2,R,25.37010182715209-83.05532064288855,25.3665183,83.0587946,386
125,125,COMPOSIT VIDYALAYA DEENAPUR R.NO. 1,कम्‍पोजिट विद्यालय दीनापुर क0सं0 1,U,25.36704571201909-83.05573269724844,25.3541893,83.0546148,386
126,126,COMPOSIT VIDYALAYA DEENAPUR R.NO. 2,कम्‍पोजिट विद्यालय दीनापुर क0सं0 2,U,25.369846446977625-83.0529173836112,25.3544473,83.0543674,386
127,127,COMPOSIT VIDYALAYA DEENAPUR R.NO. 3,कम्‍पोजिट विद्यालय दीनापुर क0सं0 3,U,25.373430202435536-83.05442813783885,25.354465,83.05457,386
128,128,PRATHMIK VIDYALAYA SARAIMOHANA R.NO.1,प्राथमिक विद्यालय सरायमोहाना क0सं0 1,U,25.383971219473615-83.04586485028265,25.3332252,83.0529372,386
129,129,PRATHMIK VIDYALAYA SARAIMOHANA R.NO.2,प्राथमिक विद्यालय सरायमोहाना क0सं0 2,U,25.381223821925712-83.04859936237335,25.3351774,83.0557701,386
130,130,PRATHMIK VIDYALAYA SARAIMOHANA R.NO.3,प्राथमिक विद्यालय सरायमोहाना क0सं0 3,U,25.386228461178536-83.04205007851125,25.3329916,83.0533016,386
131,131,PRATHMIK VIDYALAYA SARAIMOHANA R.NO.4,प्राथमिक विद्यालय सरायमोहाना क0सं0 4,U,25.378158597577873-83.04624941200017,25.3332233,83.0534667,386
132,132,PRATHMIK VIDYALAYA TATEPUR R.NO. 1,प्राथमिक विद्यालय तातेपुर क0सं0 1,R,25.387958621098225-83.03950265049936,25.38795862,83.03950265,386
133,133,PRATHMIK VIDYALAYA TATEPUR R.NO. 2,प्राथमिक विद्यालय तातेपुर क0सं0 2,R,25.40236081591267-83.03691867738964,25.3392983,83.064185,386
134,134,M.T. PUBLIC HIGHSCHOOL KHALISHPUR R.NO. 1,एम0टी0 पब्लिक हाई स्‍कूल खालिसपुर क0सं0 1,U,25.39447133617793-83.04392594844101,25.3417511,83.0407834,386
135,135,M.T. PUBLIC HIGHSCHOOL KHALISHPUR R.NO. 2,एम0टी0 पब्लिक हाई स्‍कूल खालिसपुर क0सं0 2,U,25.365018963383825-83.05577091872694,25.36501896,83.05577092,386
136,136,M.T. PUBLIC HIGHSCHOOL KHALISHPUR R.NO. 3,एम0टी0 पब्लिक हाई स्‍कूल खालिसपुर क0सं0 3,U,25.364403661220354-83.0581208691001,25.36440366,83.05812087,386
137,137,COMPOSIT VIDYALAYA KOTAWA R.NO. 1,कम्‍पोजिट विद्यालय कोटवा क0सं0 1,U,25.36433034583494-83.05677808821203,25.36433035,83.05677809,386
138,138,COMPOSIT VIDYALAYA KOTAWA R.NO. 2,कम्‍पोजिट विद्यालय कोटवा क0सं0 2,U,25.37369345128684-83.06784823536873,25.34018,83.0518717,386
139,139,COMPOSIT VIDYALAYA KOTAWA R.NO. 3,कम्‍पोजिट विद्यालय कोटवा क0सं0 3,U,25.366574624748075-83.05892955511808,25.36657462,83.05892956,386
140,140,COMPOSIT VIDYALAYA KOTAWA R.NO. 4,कम्‍पोजिट विद्यालय कोटवा क0सं0 4,U,25.360599382278682-83.05577091872694,25.3398428,83.0518579,386
141,141,PRATHMIK VIDYALAYA KAMAULI R.NO. 1,प्राथमिक विद्यालय कमौली क0सं0 1,R,25.35657684132539-83.05644214153291,25.35657684,83.05644214,386
142,142,PRATHMIK VIDYALAYA KAMAULI R.NO. 2,प्राथमिक विद्यालय कमौली क0सं0 2,R,25.35672378443256-83.05174257606268,25.35672378,83.05174258,386
143,143,PRATHMIK VIDYALAYA KAMAULI R.NO. 3,प्राथमिक विद्यालय कमौली क0सं0 3,R,25.334041229930442-83.05278427898884,25.33404123,83.05278428,386
144,144,PRATHMIK VIDYALAYA TARYA R.NO. 1,प्राथमिक विद्यालय तरया क0सं0 1,R,25.334135169849095-83.05313866585493,25.33413517,83.05313867,386
145,145,PRATHMIK VIDYALAYA TARYA R.NO. 2,प्राथमिक विद्यालय तरया क0सं0 2,R,25.33311000866389-83.05300153791903,25.4131726,83.0604416,386
146,146,COMPOSIT VIDYALAYA PURANPATTI,कम्‍पोजिट विद्यालय पूरनपट्टी,R,25.336603036300666-83.05476374924183,25.4207967,83.06027,386
147,147,BHAGAWATI DHAM INTER COLLAGE KHARGIPUR R.NO.-1,भगवती धाम इण्‍टर कालेज खरगीपुर क0सं0 1,R,25.427427516214355-83.06456722319126,25.409005,83.0527732,386
148,148,BHAGAWATI DHAM INTER COLLAGE KHARGIPUR R.NO.-2,भगवती धाम इण्‍टर कालेज खरगीपुर क0सं0 2,R,25.339366902131093-83.06650545448066,25.4101717,83.0522567,386
149,149,PANCHAYAT BHAWAN PIYARI R.NO.1,पंचायत भवन पियरी क0सं0 1,R,25.429387510958236-83.06919101625681,25.4070179,83.0563556,386
150,150,PANCHAYAT BHAWAN PIYARI R.NO.2,पंचायत भवन पियरी क0सं0 2,R,25.344605983348213-83.05017448961735,25.4068433,83.057165,386
151,151,COMPOSIT VIDYALAYA RAMGADHAWA,कम्‍पोजिट विद्यालय रमगढ़वा,R,25.338462690722025-83.04584641009569,25.4264217,83.05212,386
152,152,PRATHMIK VIDYALAYA BIKAPUR,प्राथमिक विद्यालय बीकापुर,R,0.0-0.0,25.4266233,83.0689283,386
153,153,COMPOSIT VIDYALAY PARWATPUR,कम्‍पोजिट विद्यालय पर्वतपुर,R,9.387731558917079E-6-0.0,25.4262389,83.0728808,386
154,154,PRATHMIK VIDYALAYA KHUTAHANA R.NO.1,प्राथमिक विद्यालय खुटहना क0सं0 1,R,0.0-0.0,25.3383898,83.0523521,386
155,155,PRATHMIK VIDYALAYA KHUTAHANA R.NO.2,प्राथमिक विद्यालय खुटहना क0सं0 2,R,25.33839360190487-83.05235110223295,25.437621,83.061092,386
156,156,PRATHMIK VIDYALAYA NARAYANPUR PRATHAM R.NO.1,प्राथमिक विद्यालय नरायनपुर प्रथम क0सं0 1,R,25.34422480163368-83.06893922388552,25.3442248,83.06893922,386
157,157,PRATHMIK VIDYALAYA NARAYANPUR PRATHAM R.NO.2,प्राथमिक विद्यालय नरायनपुर प्रथम क0सं0 2,R,25.344268737584095-83.06896202266218,25.34426874,83.06896202,386
158,158,PRATHMIK VIDYALAYA NARAYANPUR PRATHAM R.NO.3,प्राथमिक विद्यालय नरायनपुर प्रथम क0सं0 3,R,25.344240254969776-83.06900795549153,25.34424025,83.06900796,386
159,159,RAJNANDAN SAHU INTER COLLAGE NARAYANPUR,राजनन्‍दन साहू इण्‍टर कालेज नरायनपुर,R,25.35334889552418-83.07683933526278,25.3533489,83.07683934,386
160,160,COMPOSIT VIDYALAYA NARPATPUR R.NO.1,कम्‍पोजिट विद्यालय नरपतपुर क0सं0 1,R,25.408883959021008-83.06415550410748,25.4136933,83.0791567,386
161,161,COMPOSIT VIDYALAYA NARPATPUR R.NO.2,कम्‍पोजिट विद्यालय नरपतपुर क0सं0 2,R,25.413192752972986-83.06031793355942,25.41319275,83.06031793,386
162,162,PRATHMIK VIDYALAYA CHUHARPUR,प्राथमिक विद्यालय चुहरपुर,R,25.417948358624663-83.0623483657837,25.40634,83.082305,386
163,163,PRATHMIK VIDYALAYA DUBKIYA R.NO.1,प्राथमिक विद्यालय डुबकिया क0सं0 1,R,25.416652577636377-83.06398015469313,25.41665258,83.06398015,386
164,164,PRATHMIK VIDYALAYA DUBKIYA R.NO.2,प्राथमिक विद्यालय डुबकिया क0सं0 2,R,25.408041139955433-83.05927287787199,25.4169931,83.0755588,386
165,165,PRATHMIK VIDYALAYA PAHARIA,प्राथमिक विद्यालय पहडिया,R,25.407629570761795-83.06005038321018,25.40762957,83.06005038,386
166,166,SHRI GANDHI INTER COLLEGE GAURAKALA CHIRAIGOAN R.NO.1,श्री गांधी इण्‍टर कालेज गौराकला चिरईगांव क0सं0 1,R,1.2070207736634624--169.9999999254942,25.3636774,83.074253,386
167,167,SHRI GANDHI INTER COLLEGE GAURAKALA CHIRAIGOAN R.NO.2,श्री गांधी इण्‍टर कालेज गौराकला चिरईगांव क0सं0 2,R,25.42459692838473-83.04878812283276,25.3633959,83.0743338,386
168,168,SHRI GANDHI INTER COLLEGE GAURAKALA CHIRAIGOAN R.NO.3,श्री गांधी इण्‍टर कालेज गौराकला चिरईगांव क0सं0 3,R,25.42438133103734-83.07254780083893,25.3638633,83.073965,386
169,169,PRATHMIK VIDYALAYA SEEO R.NO. 1,प्राथमिक विद्यालय सीवों क0सं0 1,R,25.42399787902832-83.07221221923828,25.42399788,83.07221222,386
170,170,PRATHMIK VIDYALAYA SEEO R.NO. 2,प्राथमिक विद्यालय सीवों क0सं0 2,R,25.43010845883012-83.04927058517931,25.43010846,83.04927059,386
171,171,PRATHMIK VIDYALAYA SEEO R.NO. 3,प्राथमिक विद्यालय सीवों क0सं0 3,R,25.428912427873602-83.05912770330906,25.42891243,83.0591277,386
172,172,PRATHMIK VIDYALAYA SHANKARPUR R.NO. 1,प्राथमिक विद्यालय शंकरपुर क0सं0 1,R,25.409151067535436-83.09676345437765,25.40915107,83.09676345,386
173,173,PRATHMIK VIDYALAYA SHANKARPUR R.NO. 2,प्राथमिक विद्यालय शंकरपुर क0सं0 2,R,25.41289900398774-83.09468071907759,25.3696033,83.0799767,386
174,174,PRATHMIK VIDYALAYA SHANKARPUR R.NO. 3,प्राथमिक विद्यालय शंकरपुर क0सं0 3,R,25.414050980445094-83.09568788856268,25.41405098,83.09568789,386
175,175,PRATHMIK VIDYALAYA MADHANI,प्राथमिक विद्यालय मढ़नी,R,25.431142788940768-83.09099569916725,25.3690752,83.0950174,386
176,176,PRATHMIK VIDYALAYA BABHANPURA R.NO.1,प्राथमिक विद्यालय बभनपुरा क0सं0 1,R,25.409703150492543-83.09703066945076,25.40970315,83.09703067,386
177,177,PRATHMIK VIDYALAYA BABHANPURA R.NO.2,प्राथमिक विद्यालय बभनपुरा क0सं0 2,R,25.408378510564948-83.07690437883139,25.3502226,83.0904579,386
178,178,PRATHMIK VIDYALAYA BABHANPURA R.NO.3,प्राथमिक विद्यालय बभनपुरा क0सं0 3,R,25.41179577331619-83.07891838252544,25.41179577,83.07891838,386
179,179,PRATHMIK VIDYALAYA BABHANPURA R.NO.4,प्राथमिक विद्यालय बभनपुरा क0सं0 4,R,25.411405415605092-83.07858277112244,25.3505632,83.0901086,386
180,180,COMPOSIT VIDYALAYA SINGHWAR,कम्‍पोजिट विद्यालय सिंहवार,R,25.41334719802874-83.07288374751808,25.4133472,83.07288375,386
181,181,PRATHMIK VIDYALAYA NEWADA R.NO.1,प्राथमिक विद्यालय नेवादा क0सं0 1,R,0.007270798067611118-0.004739798605442047,25.3577338,83.0884144,386
182,182,PRATHMIK VIDYALAYA NEWADA R.NO.2,प्राथमिक विद्यालय नेवादा क0सं0 2,R,25.416866371859914-83.07546235620975,25.3576207,83.0884583,386
183,183,SRI KHANDESHWARI BABA INTER COLLEGE CHANDPUR MUSHTAFABAD R.NO.1,श्री खण्‍डेश्‍वरी बाबा इण्‍टर कालेज चांदपुर मुस्‍तफाबाद क0सं0 1,R,25.412685505564923-83.08604467660189,25.3576809,83.1060465,386
184,184,SRI KHANDESHWARI BABA INTER COLLEGE CHANDPUR MUSHTAFABAD R.NO.2,श्री खण्‍डेश्‍वरी बाबा इण्‍टर कालेज चांदपुर मुस्‍तफाबाद क0सं0 2,R,25.36409888705362-83.0746154487133,25.3577133,83.1060283,386
185,185,PRATHMIK VIDYALAYA TOFAPUR R.NO. 1,प्राथमिक विद्यालय तोफापुर क0सं0 1,R,25.36392408084776-83.07457722723484,25.36392408,83.07457723,386
186,186,PRATHMIK VIDYALAYA TOFAPUR R.NO. 2,प्राथमिक विद्यालय तोफापुर क0सं0 2,R,25.36416038727043-83.07463087141514,25.3864273,83.0932474,386
187,187,COMPOSIT VIDYALAYA MILKOPUR R.NO. 1,कम्‍पोजिट विद्यालय मिल्‍कोपुर क0सं0 1,R,25.37425508730987-83.06919403374195,25.3729094,83.106083,386
188,188,COMPOSIT VIDYALAYA MILKOPUR R.NO. 2,कम्‍पोजिट विद्यालय मिल्‍कोपुर क0सं0 2,R,25.384889327034905-83.06319426745175,25.3790128,83.0920341,386
189,189,COMPOSIT VIDYALAYA PACHARAO R.NO. 1,कम्‍पोजिट विद्यालय पचरांव क0सं0 1,R,25.371873417582687-83.0713652819395,25.37187342,83.07136528,386
190,190,COMPOSIT VIDYALAYA PACHARAO R.NO. 2,कम्‍पोजिट विद्यालय पचरांव क0सं0 2,R,25.369236016496956-83.0748900398612,25.36923602,83.07489004,386
191,191,COMPOSIT VIDYALAYA PACHARAO R.NO. 3,कम्‍पोजिट विद्यालय पचरांव क0सं0 3,R,25.36964408128408-83.08022294193506,25.3677426,83.1092808,386
192,192,PRATHMIK VIDYALAYA PHOOLPUR,प्राथमिक विद्यालय फूलपुर,R,25.369236016496956-83.0748900398612,25.36923602,83.07489004,386
193,193,COMPOSIT VIDYALAYA BANKAT R.NO. 1,कम्‍पोजिट विद्यालय बनकट क0सं0 1,R,25.370422339110192-83.0936661735177,25.37042234,83.09366617,386
194,194,COMPOSIT VIDYALAYA BANKAT R.NO. 2,कम्‍पोजिट विद्यालय बनकट क0सं0 2,R,9.3877408998568-119.99999988824128,25.37043219,83.09367012,386
195,195,PRATHMIK VIDYALAYA BHAGWANPUR,प्राथमिक विद्यालय भगवानपुर,R,25.362646200418865-83.08361828327179,25.4392396,83.0926699,386
196,196,PRATHMIK VIDYALAYA SHAHPUR,प्राथमिक विद्यालय शाहपुर,R,25.353351622377907-83.07680513709784,25.43035,83.091875,386
197,197,PRATHMIK VIDYALAYA PANIHARI R.NO. 1,प्राथमिक विद्यालय पनिहरी क0सं0 1,R,25.34247431978405-83.1000464782119,25.34247432,83.10004648,386
198,198,PRATHMIK VIDYALAYA PANIHARI R.NO. 2,प्राथमिक विद्यालय पनिहरी क0सं0 2,R,25.34270703200385-83.08477062731981,25.4246395,83.085012,386
199,199,PRATHMIK VIDYALAYA PANIHARI R.NO. 3,प्राथमिक विद्यालय पनिहरी क0सं0 3,R,25.357787828984865-83.08881875127554,25.4245059,83.0849574,386
200,200,PRATHMIK VIDYALAYA PANIHARI R.NO. 4,प्राथमिक विद्यालय पनिहरी क0सं0 4,R,25.357856906724333-83.08888144791125,25.35785691,83.08888145,386
201,201,PRATHMIK VIDYALAYA GAURDIH,प्राथमिक विद्यालय गौरडीह,R,25.357968703508526-83.10653675347567,25.3579687,83.10653675,386
202,202,COMPOSIT VIDYALAYA SONBARSA R.NO. 1,कम्‍पोजिट विद्यालय सोनबरसा क0सं0 1,R,25.357980519422775-83.10670439153908,25.35798052,83.10670439,386
203,203,COMPOSIT VIDYALAYA SONBARSA R.NO. 2,कम्‍पोजिट विद्यालय सोनबरसा क0सं0 2,R,25.35825228513152-83.10632318258286,25.35825229,83.10632318,386
204,204,COMPOSIT VIDYALAYA SONBARSA R.NO. 3,कम्‍पोजिट विद्यालय सोनबरसा क0सं0 3,R,25.386436857104023-83.09351731091736,25.38643686,83.09351731,386
205,205,PRATHMIK VIDYALAYA BARTHARAKALA PRATHAM R.NO.1,प्राथमिक विद्यालय बर्थराकला प्रथम क0सं0 1,R,25.388596217547516-83.08921203017235,25.38859622,83.08921203,386
206,206,PRATHMIK VIDYALAYA BARTHARAKALA PRATHAM R.NO.2,प्राथमिक विद्यालय बर्थराकला प्रथम क0सं0 2,R,25.37903040267515-83.09197705239058,25.4117964,83.1298369,386
207,207,PRATHMIK VIDYALAYA BARTHARAKALA PRATHAM R.NO.3,प्राथमिक विद्यालय बर्थराकला प्रथम क0सं0 3,R,25.37165651426748-83.07648461312056,25.411905,83.1289183,386
208,208,COMPOSIT VIDYALAYA JHAJHUPUR,कम्‍पो‍जिट विद्यालय झाझूपुर,R,25.36541553017863-83.10340125113724,25.36541553,83.10340125,386
209,209,COMPOSIT VIDYALAYA KADIPUR KHURD,कम्‍पोजिट विद्यालय कादीपुर खुर्द,R,25.37059774179725-83.11178583651781,25.4218751,83.1021419,386
210,210,COMPOSIT VIDYALAYA UKATHI R.NO. 1,कम्‍पोजिट विद्यालय उकथी क0सं0 1,R,25.36774037304942-83.10940269380808,25.4002017,83.125225,386
211,211,COMPOSIT VIDYALAYA UKATHI R.NO. 2,कम्‍पोजिट विद्यालय उकथी क0सं0 2,R,25.37111273957974-83.09310927987099,25.4003383,83.1254667,386
212,212,COMPOSIT VIDYALAYA UKATHI R.NO. 3,कम्‍पोजिट विद्यालय उकथी क0सं0 3,R,25.367877911218564-83.08711990714073,25.4007981,83.1257748,386
213,213,PANCHAYAT BHAWAN UKATHI,पंचायत भवन उकथी,R,25.431678723474427-83.10308843851088,25.43167872,83.10308844,386
214,214,PRATHMIK VIDYALAYA CHUKAHA R.NO. 1,प्राथमिक विद्यालय चुकहॉ क0सं0 1,R,25.440380210537757-83.10154717415571,25.44038021,83.10154717,386
215,215,PRATHMIK VIDYALAYA CHUKAHA R.NO. 2,प्राथमिक विद्यालय चुकहॉ क0सं0 2,R,25.43917277635292-83.09269722551106,25.4246267,83.1197267,386
216,216,PRATHMIK VIDYALAYA PARANAPUR,प्राथमिक विद्यालय परनापुर,R,25.430164475178845-83.0936735495925,25.43016448,83.09367355,386
217,217,PRATHMIK VIDYALAYA MURIDPUR R.NO. 1,प्राथमिक विद्यालय मुरीदपुर क0सं0 1,R,25.428562094532992-83.08967605233191,25.4388546,83.1139422,386
218,218,PRATHMIK VIDYALAYA MURIDPUR R.NO. 2,प्राथमिक विद्यालय मुरीदपुर क0सं0 2,R,25.426993303271043-83.0438669398427,25.4390019,83.1138724,386
219,219,SWAMI RAGHAWANAND CONVENT SCHOOL MUSTAFABAD R.NO.- 1,स्वामी राघवानन्द कान्वेन्ट स्कूल मुस्तफाबाद क0सं0 1,R,25.424918204053423-83.08246761560441,25.367303,83.117417,386
220,220,SWAMI RAGHAWANAND CONVENT SCHOOL MUSTAFABAD R.NO.- 2,स्वामी राघवानन्द कान्वेन्ट स्कूल मुस्तफाबाद क0सं0 2,R,8.236344892,25.3703384,83.1141295,386
221,221,PRATHMIK VIDYALAYA MUSTAFABAD PRATHAM R.NO. 1,प्राथमिक विद्यालय मुस्‍तफाबाद प्रथम क0सं0 1,R,25.433155104810325-83.0775373801589,25.3580267,83.11624,386
222,222,PRATHMIK VIDYALAYA MUSTAFABAD PRATHAM R.NO. 2,प्राथमिक विद्यालय मुस्‍तफाबाद प्रथम क0सं0 2,R,25.42966274944103-83.11370093375444,25.3577989,83.1163266,386
223,223,COMPOSIT VIDYALAYA MUSTAFABAD RETA R.NO. 1,कम्‍पोजिट विद्यालय मुस्तफाबाद रेता क0सं0 1,R,25.457868179809996-83.11055772006512,25.3054491,83.0896517,386
224,224,COMPOSIT VIDYALAYA MUSTAFABAD RETA R.NO. 2,कम्‍पोजिट विद्यालय मुस्तफाबाद रेता क0सं0 2,R,25.432644005197478-83.11071764677763,25.43264401,83.11071765,386
225,225,PRATHMIK VIDYALAYA CHHITAUNA R.NO. 1,प्राथमिक विद्यालय छितौना क0सं0 1,R,25.41265431356512-83.12976736575365,25.3710417,83.1239183,386
226,226,PRATHMIK VIDYALAYA CHHITAUNA R.NO. 2,प्राथमिक विद्यालय छितौना क0सं0 2,R,25.41192054215522-83.13200365751982,25.37109,83.1238783,386
227,227,PRATHMIK VIDYALAYA CHHITAUNA R.NO. 3,प्राथमिक विद्यालय छितौना क0सं0 3,R,25.411902371944-83.13191179186106,25.3711252,83.12395,386
228,228,PURVA PRATHMIK VIDYALAYA RAMCHANDIPUR R.NO. 1,पूर्व माध्यमिक विद्यालय रमचन्‍दीपुर क0सं0 1,R,25.414726292757575-83.11263274401426,25.3476207,83.1440812,386
229,229,PURVA PRATHMIK VIDYALAYA RAMCHANDIPUR R.NO. 2,पूर्व माध्यमिक विद्यालय रमचन्‍दीपुर क0सं0 2,R,25.42650216233806-83.0962296947837,25.3477911,83.1436021,386
230,230,PURVA PRATHMIK VIDYALAYA RAMCHANDIPUR R.NO. 3,पूर्व माध्यमिक विद्यालय रमचन्‍दीपुर क0सं0 3,R,25.41289900398774-83.09468071907759,25.34772,83.1439917,386
231,231,PRATHMIK VIDYALAYA RAMPUR DHAB,प्राथमिक विद्यालय रामपुर ढांब,R,25.399976671885263-83.12552645802496,25.3646133,83.1436317,386
232,232,COMPOSIT VIDYALAYA GOBARAHA R.NO. 1,कम्‍पोजिट विद्यालय गोबरहां क0सं0 1,R,25.417998627015283-83.1303634867072,25.3626633,83.1621667,386
233,233,COMPOSIT VIDYALAYA GOBARAHA R.NO. 2,कम्‍पोजिट विद्यालय गोबरहां क0सं0 2,R,25.40031951663481-83.12485489994287,25.3626783,83.1622033,386
234,234,COMPOSIT VIDYALAYA MOKALPUR R.NO. 1,कम्‍पोजिट विद्यालय मोकलपुर क0सं0 1,R,25.4083821447136-83.13990343362093,25.3739023,83.1719885,386
235,235,COMPOSIT VIDYALAYA MOKALPUR R.NO. 2,क‍म्‍पोजिट विद्यालय मोकलपुर क0सं0 2,R,25.42424964904785-83.11681365966797,25.42424965,83.11681366,386
236,236,COMPOSIT VIDYALAYA SARSAUL R.NO. 1,कम्‍पोजिट विद्यालय सरसौल क0सं0 1,R,25.42631563726698-83.11783824115992,25.42631564,83.11783824,386
237,237,COMPOSIT VIDYALAYA SARSAUL R.NO. 2,कम्‍पोजिट विद्यालय सरसौल क0सं0 2,R,25.430745529714223-83.12451157718897,25.43074553,83.12451158,386
238,238,PRATHMIK VIDYALAYA MISHRAPURA R.NO. 1,प्राथमिक विद्यालय मिश्रपुरा क0सं0 1,R,25.439849158979627-83.11732325702906,25.43984916,83.11732326,386
239,239,PRATHMIK VIDYALAYA MISHRAPURA R.NO. 2,प्राथमिक विद्यालय मिश्रपुरा क0सं0 2,R,25.402985313332795-83.15032951533794,25.40298531,83.15032952,386
240,240,PRATHMIK VIDYALAYA DHOBAHI,प्राथमिक विद्यालय धोबही,R,25.36082660625139-83.11762668192388,25.36082661,83.11762668,386
241,241,PRATHMIK VIDYALAYA LUTHAKHURD,प्राथमिक विद्यालय लूठाखुर्द,R,25.357591502562467-83.11627954244614,25.3575915,83.11627954,386
242,242,KANYA PURVA MADHYAMIK VIDYALAYA SHIVDASHA R.NO. 1,कन्‍या पूर्व माध्‍यमिक विद्यालय शिवदशा क0सं0 1,R,25.357694513379403-83.1184082105756,25.35769451,83.11840821,386
243,243,KANYA PURVA MADHYAMIK VIDYALAYA SHIVDASHA R.NO. 2,कन्‍या पूर्व माध्‍यमिक विद्यालय शिवदशा क0सं0 2,R,25.357734808763322-83.11879746615887,25.35773481,83.11879747,386
244,244,PRATHMIK VIDYALAYA SIRISTI R.NO. 1,प्राथमिक विद्यालय सिरिस्‍ती क0सं0 1,R,25.355960890233774-83.12184143811466,25.4019253,83.1405092,386
245,245,PRATHMIK VIDYALAYA SIRISTI R.NO. 2,प्राथमिक विद्यालय सिरिस्‍ती क0सं0 2,R,46.152633788842834-27.963304705917835,25.35595213,83.12184025,386
246,246,PRATHMIK VIDYALAYA BHAGATUA R.NO. 1,प्राथमिक विद्यालय भगतुआ क0सं0 1,R,25.33860874677586-83.11698228120802,25.33860875,83.11698228,386
247,247,PRATHMIK VIDYALAYA BHAGATUA R.NO. 2,प्राथमिक विद्यालय भगतुआ क0सं0 2,R,25.37909886243368-83.14395893365145,25.37909886,83.14395893,386
248,248,PRATHMIK VIDYALAYA AMAULI,प्राथमिक विद्यालय अमौली,R,25.39509011972638-83.13926707953215,25.39509012,83.13926708,386
249,249,COMPOSIT VIDYALAYA CHHITAUNI,कम्‍पोजिट विद्यालय छितौनी,R,25.367593746282598-83.1184846535325,25.36759375,83.11848465,386
250,250,COMPOSIT VIDYALAYA DEORIA,कम्‍पोजिट विद्यालय देवरिया,R,25.37539470966216-83.1198274344206,25.3993336,83.1769518,386
251,251,PRATHMIK VIDYALAYA GANGAPUR (BAKAINI),प्राथमिक विद्यालय गंगापुर (बकैनी),R,25.347520862628024-83.14308922737837,25.34752086,83.14308923,386
252,252,PANCHAYAT BHAWAN KUKUDHA R.NO. 1,पंचायत भवन कुकुढ़ा क0सं0 1,R,25.345537116142264-83.15610498189926,25.386872,83.154285,386
253,253,PANCHAYAT BHAWAN KUKUDHA R.NO. 2,पंचायत भवन कुकुढ़ा क0सं0 2,R,25.347990036010742-83.14421081542969,25.34799004,83.14421082,386
254,254,COMPOSIT VIDYALAYA AMBA,कम्‍पोजिट विद्यालय अम्‍बा,R,25.369394153125892-83.1412810832262,25.3853546,83.1475497,386
255,255,PRATHMIK VIDYALAYA JALLHUPUR PRATHAM R.NO. 1,प्राथमिक विद्यालय जाल्‍हूपुर प्रथम क0सं0 1,R,25.35664925248712-83.1820509955287,25.3861827,83.1204731,386
256,256,PRATHMIK VIDYALAYA JALLHUPUR PRATHAM R.NO. 2,प्राथमिक विद्यालय जाल्‍हूपुर प्रथम क0सं0 2,R,25.34546469832648-83.17343909293413,25.3849413,83.1159829,386
257,257,PRATHMIK VIDYALAYA JALLHUPUR PRATHAM R.NO. 3,प्राथमिक विद्यालय जाल्‍हूपुर प्रथम क0सं0 3,R,25.380966647776273-83.17033611238001,25.3846253,83.1162868,386
258,258,PRATHMIK VIDYALAYA JALLHUPUR PRATHAM R.NO. 4,प्राथमिक विद्यालय जाल्‍हूपुर प्रथम क0सं0 4,R,25.376089019764276-83.17093659192324,25.384866,83.1160485,386
259,259,PRATHMIK VIDYALAYA JALLHUPUR PRATHAM R.NO. 5,प्राथमिक विद्यालय जाल्‍हूपुर प्रथम क0सं0 5,R,25.41947547875201-83.17243963479994,25.384944,83.1161267,386
260,260,PRATHMIK VIDYALAYA RAMANA R.NO. 1,प्राथमिक विद्यालय रमना क0सं0 1,R,25.414617576815587-83.1711045652628,25.41461758,83.17110457,386
261,261,PRATHMIK VIDYALAYA RAMANA R.NO. 2,प्राथमिक विद्यालय रमना क0सं0 2,R,25.40580550584295-83.17127220332623,25.40580551,83.1712722,386
262,262,PRATHMIK VIDYALAYA VISHUNPURA,प्राथमिक विद्यालय विशुनपुरा,R,25.4062352523279-83.17212112247944,25.40623525,83.17212112,386
263,263,PRATHMIK VIDYALAYA GIRDHARPUR,प्राथमिक विद्यालय गिरधरपुर,R,25.41947547875201-83.17243963479994,25.4063683,83.1110367,386
264,264,INTER COLLAGE BARIYASANPUR R.NO. 1,इण्‍टर कालेज बरियासनपुर क0सं0 1,R,25.413395045672548-83.16841900348663,25.3777858,83.0632023,386
265,265,INTER COLLAGE BARIYASANPUR R.NO. 2,इण्‍टर कालेज बरियासनपुर क0सं0 2,R,25.416807321085358-83.15467838197947,25.3763133,83.0627317,386
266,266,COMPOSIT VIDYALAYA KHANPUR,कम्‍पोजिट विद्यालय खानपुर,R,25.42200095323078-83.12384806573391,25.387955,83.0605567,386
267,267,PRATHMIK VIDYALAYA UMARAHA PRATHAM R.NO. 1,प्राथमिक विद्यालय उमरहा प्रथम क0सं0 1,R,25.404106190264777-83.14627066254616,25.40410619,83.14627066,386
268,268,PRATHMIK VIDYALAYA UMARAHA PRATHAM R.NO. 2,प्राथमिक विद्यालय उमरहा प्रथम क0सं0 2,R,25.40548508780576-83.14094547182323,25.40548509,83.14094547,386
269,269,PRATHMIK VIDYALAYA UMARAHA PRATHAM R.NO. 3,प्राथमिक विद्यालय उमरहा प्रथम क0सं0 3,R,0.0-0.0,25.40549534,83.14085462,386
270,270,PRATHMIK VIDYALAYA UMARAHA PRATHAM R.NO. 4,प्राथमिक विद्यालय उमरहा प्रथम क0सं0 4,R,25.405101675311922-83.15275557339191,25.40510168,83.15275557,386
271,271,PRATHMIK VIDYALAYA BARAI R.NO. 1,प्राथमिक विद्यालय बराई क0सं0 1,R,25.397481932127082-83.1352461129427,25.39748193,83.13524611,386
272,272,PRATHMIK VIDYALAYA BARAI R.NO. 2,प्राथमिक विद्यालय बराई क0सं0 2,R,25.39872885414822-83.13857775181532,25.39872885,83.13857775,386
273,273,PRATHMIK VIDYALAYA BARAI R.NO. 3,प्राथमिक विद्यालय बराई क0सं0 3,R,25.396192594545315-83.16278133541346,25.39619259,83.16278134,386
274,274,RAJKIYA HIGHSCHOOL CHHANHI R.NO. 1,राजकीय हाईस्‍कूल छांही क0सं0 1,R,25.39918073526563-83.16151265054941,25.40575,83.0299067,386
275,275,RAJKIYA HIGHSCHOOL CHHANHI R.NO. 2,राजकीय हाईस्‍कूल छांही क0सं0 2,R,25.377187728881836-83.1821517944336,25.4064434,83.031824,386
276,276,RAJKIYA HIGHSCHOOL CHHANHI R.NO. 3,राजकीय हाईस्‍कूल छांही क0सं0 3,R,25.41792869567871-83.17880249023438,25.4066239,83.0318483,386
277,277,COMPOSIT VIDYALAYA CHHANHI R.NO. 1,कम्‍पोजिट विद्यालय छांही क0 सं01,R,25.396089553833008-83.16071319580078,25.39608955,83.1607132,386
278,278,COMPOSIT VIDYALAYA CHHANHI R.NO. 2,कम्‍पोजिट विद्यालय छांही क0 सं02,R,25.391168680564057-83.14999390393496,25.39116868,83.1499939,386
279,279,PRATHMIK VIDYALAYA PATERWA R.NO. 1,प्राथमिक विद्यालय पतेरवा क0सं0 1,R,25.391702066775782-83.1295470893383,25.3982784,83.0253161,386
280,280,PRATHMIK VIDYALAYA PATERWA R.NO. 2,प्राथमिक विद्यालय पतेरवा क0सं0 2,R,25.38452614378301-83.11627183109522,25.38452614,83.11627183,386
281,281,PRATHMIK VIDYALAYA PATERWA R.NO. 3,प्राथमिक विद्यालय पतेरवा क0सं0 3,R,25.384716033935547-83.11642456054688,25.38471603,83.11642456,386
282,282,COMPOSIT VIDYALAYA SARAIYA NO. 2 R.NO. 1,कम्‍पोजिट विद्यालय सरैया नं0 2 क0सं0 1,R,25.384771799963683-83.11634190380573,25.3847718,83.1163419,386
283,283,COMPOSIT VIDYALAYA SARAIYA NO. 2 R.NO. 2,कम्‍पोजिट विद्यालय सरैया नं0 2 क0सं0 2,R,25.384517662426283-83.11627183109522,25.38451766,83.11627183,386
284,284,PRATHMIK VIDYALAYA JAIRAMPUR (MATHIYA) R.NO. 1,प्राथमिक विद्यालय जयरामपुर (मठिया) क0सं0 1,R,25.3847081899032-83.11635095626116,25.38470819,83.11635096,386
285,285,PRATHMIK VIDYALAYA JAIRAMPUR (MATHIYA) R.NO. 2,प्राथमिक विद्यालय जयरामपुर (मठिया) क0सं0 2,R,25.395565032958984-83.10968017578125,25.39556503,83.10968018,386
286,286,PRATHMIK VIDYALAYA JAIRAMPUR (MATHIYA) R.NO. 3,प्राथमिक विद्यालय जयरामपुर (मठिया) क0सं0 3,R,25.387300424176793-83.11446368694305,25.38730042,83.11446369,386
287,287,PRATHMIK VIDYALAYA GOPPUR R.NO. 1,प्राथमिक विद्यालय गोपपुर क0सं0 1,R,25.38992319489508-82.99703992903233,25.423434,83.0133767,386
288,288,PRATHMIK VIDYALAYA GOPPUR R.NO. 2,प्राथमिक विद्यालय गोपपुर क0सं0 2,R,25.41251564025879-83.110107421875,25.423482,83.0132947,386
289,289,PRATHMIK VIDYALAYA ALLOPUR,प्राथमिक विद्यालय अल्‍लोपुर,R,25.383778873389122-83.0628127232194,25.422483,83.0014773,386
290,290,PRATHMIK VIDYALAYA SARAIYA NO.-1,प्राथमिक विद्यालय सरैया नं0 1,R,25.381200194641536-83.0628127232194,25.4322834,83.0041804,386
291,291,COMPOSIT VIDYALAYA AILEE,कम्पोजिट विद्यालय अइली,R,25.387339498093294-83.06013487279415,25.4339766,83.023246,386
292,292,PRATHMIK VIDYALAYA IMILIYA,प्राथमिक विद्यालय इमीलिया,R,25.388658613978766-83.06483443826437,25.4186333,83.0004704,386
293,293,COMPOSIT VIDYALAYA AMARPATTI,कम्‍पोजिट विद्यालय अमरपट्टी,R,25.389087815741238-83.06616984307766,25.4240683,82.9952467,386
294,294,PRATHMIK VIDYALAYA LOHTA R.NO. 1,प्राथमिक विद्यालय लोहता क0सं0 1,U,25.388120065078116-83.06114204227924,25.38812007,83.06114204,386
295,295,PRATHMIK VIDYALAYA LOHTA R.NO. 2,प्राथमिक विद्यालय लोहता क0सं0 2,U,25.385902538922757-83.06114204227924,25.38590254,83.06114204,386
296,296,PRATHMIK VIDYALAYA LOHTA R.NO. 3,प्राथमिक विद्यालय लोहता क0सं0 3,U,25.389414940971605-83.06516267359257,25.38941494,83.06516267,386
297,297,PRATHMIK VIDYALAYA LOHTA R.NO. 4,प्राथमिक विद्यालय लोहता क0सं0 4,U,25.392994784056885-83.07202275842428,25.39299478,83.07202276,386
298,298,PRATHMIK VIDYALAYA LOHTA R.NO. 5,प्राथमिक विद्यालय लोहता क0सं0 5,U,25.393051423414985-83.07281903922558,25.3095136,82.9326845,386
299,299,BUDDHA PUBLIC SCHOOL LOHTA R.NO. 1,बुध्दा पब्लिक स्कूल लोहता क0सं0 1,U,25.39267190891968-83.07270403951408,25.3074305,82.9341945,386
300,300,BUDDHA PUBLIC SCHOOL LOHTA R.NO. 2,बुध्दा पब्लिक स्कूल लोहता क0सं0 2,U,25.401158452417157-83.04797373712063,25.307695,82.9342167,386
301,301,MADARSA FAIJUL ULUM LOHTA R.NO. 1,मदरसा फ़ैज़ूल उलूम लोहता क0सं0 1,U,25.406192853165603-83.0306014046073,25.3105142,82.9352528,386
302,302,MADARSA FAIJUL ULUM LOHTA R.NO. 2,मदरसा फ़ैज़ूल उलूम लोहता क0सं0 2,U,25.387844125987264-83.06704726070166,25.3102249,82.9353037,386
303,303,MADARSA FAIJUL ULUM LOHTA R.NO. 3,मदरसा फ़ैज़ूल उलूम लोहता क0सं0 3,U,25.408784928843257-83.03865808993578,25.3102899,82.9350926,386
304,304,MADARSA FAIJUL ULUM LOHTA R.NO. 4,मदरसा फ़ैज़ूल उलूम लोहता क0सं0 4,U,25.406192853165603-83.0306014046073,25.3097446,82.935025,386
305,305,GAUTAM BUDDH BALIKA VIDYALAYA KOIRAN LOHATA R.NO. 1,गौतम बुद्ध बालिका विद्यालय कोईरान लोहता क0सं0 1,U,25.39870834350586-83.0246353149414,25.3075528,82.9356953,386
306,306,GAUTAM BUDHH BALIKA VIDYALAYA KOIRAN LOHATA R.NO. 2,गौतम बुद्ध बालिका विद्यालय कोईरान लोहता क0सं0 2,U,25.398410840283-83.02532952278852,25.3076872,82.935558,386
307,307,GAUTAM BUDDH BALIKA VIDYALAYA KOIRAN LOHATA R.NO. 3,गौतम बुद्ध बालिका विद्यालय कोईरान लोहता क0सं0 3,U,25.398982961767643-83.02479542791842,25.3077497,82.9356658,386
308,308,GAUTAM BUDDH BALIKA VIDYALAYA KOIRAN LOHATA R.NO. 4,गौतम बुद्ध बालिका विद्यालय कोईरान लोहता क0सं0 4,U,25.396553016820917-83.02925862371923,25.3080524,82.935693,386
309,309,GAUTAM BUDDH BALIKA VIDYALAYA KOIRAN LOHATA R.NO. 5,गौतम बुद्ध बालिका विद्यालय कोईरान लोहता क0सं0 5,U,25.410612106323242-83.03060150146484,25.3078085,82.9356881,386
310,310,GAUTAM BUDDH BALIKA VIDYALAYA KOIRAN LOHATA R.NO. 6,गौतम बुद्ध बालिका विद्यालय कोईरान लोहता क0सं0 6,U,25.423540134328615-83.02925124764442,25.3080341,82.9356526,386
311,311,MADARSA TALIMUL ISLAM BHORA TALAB LOHATA R.NO. 1,मदरसा तालीमूल इस्‍लाम भोरा तालाब लोहता क0सं0 1,U,25.416516003507628-83.0306014046073,25.3114247,82.9329603,386
312,312,MADARSA TALIMUL ISLAM BHORA TALAB LOHATA R.NO. 2,मदरसा तालीमूल इस्‍लाम भोरा तालाब लोहता क0सं0 2,U,25.421105233445168-83.03395852446556,25.3117488,82.9316196,386
313,313,MADARSA TALIMUL ISLAM BHORA TALAB LOHATA R.NO. 3,मदरसा तालीमूल इस्‍लाम भोरा तालाब लोहता क0सं0 3,U,25.419933338483165-83.03295135498047,25.3112253,82.9330023,386
314,314,MADARSA TALIMUL ISLAM BHORA TALAB LOHATA R.NO. 4,मदरसा तालीमूल इस्‍लाम भोरा तालाब लोहता क0सं0 4,U,25.39566043968816-83.01045231521128,25.3112385,82.9330034,386
315,315,PRATHMIK VIDYALAYA GHAMAHAPUR R.NO. 1,प्राथमिक विद्यालय घमहापुर क0सं0 1,R,25.43140409517217-83.00306685268879,25.3174247,82.9313734,386
316,316,PRATHMIK VIDYALAYA GHAMAHAPUR R.NO. 2,प्राथमिक विद्यालय घमहापुर क0सं0 2,R,25.423458073428275-83.01335144788028,25.42345807,83.01335145,386
317,317,JUNIOR HIGH SCHOOL SENT JONS DHANNIPUR R.NO. 1,जूनियर हाई स्‍कूल सेंट जांस धन्‍नीपुर क0सं0 1,R,25.428153926141185-82.9966888949275,25.42815393,82.99668889,386
318,318,JUNIOR HIGH SCHOOL SENT JONS DHANNIPUR R.NO. 2,जूनियर हाई स्‍कूल सेंट जांस धन्‍नीपुर क0सं0 2,R,25.42231678522592-82.9976960644126,25.42231679,82.99769606,386
319,319,JUNIOR HIGH SCHOOL SENT JONS DHANNIPUR R.NO. 3,जूनियर हाई स्‍कूल सेंट जांस धन्‍नीपुर क0सं0 3,R,25.430702230801682-83.00444014370441,25.43070223,83.00444014,386
320,320,PRATHMIK VIDYALAYA BHATTHI R.NO. 1,प्राथमिक विद्यालय भट्ठी क0सं0 1,R,25.425908975275235-83.01918793469667,25.42590898,83.01918793,386
321,321,PRATHMIK VIDYALAYA BHATTHI R.NO. 2,प्राथमिक विद्यालय भट्ठी क0सं0 2,R,25.428910005520386-83.03563691675663,25.3159804,82.9197488,386
322,322,PRATHMIK VIDYALAYA BHATTHI R.NO. 3,प्राथमिक विद्यालय भट्ठी क0सं0 3,R,25.38992319489508-82.99703992903233,25.38992319,82.99703993,386
323,323,PRATHMIK VIDYALAYA MAHMOODPUR R.NO. 1,प्राथमिक विद्यालय महमूदपुर क0सं0 1,R,25.42434136070023-82.99503263086082,25.42434136,82.99503263,386
324,324,PRATHMIK VIDYALAYA MAHMOODPUR R.NO. 2,प्राथमिक विद्यालय महमूदपुर क0सं0 2,R,25.309177316328892-82.93264009058475,25.30917732,82.93264009,386
325,325,PRATHMIK VIDYALAYA MAHMOODPUR R.NO. 3,प्राथमिक विद्यालय महमूदपुर क0सं0 3,R,25.309120178222656-82.93266296386719,25.30912018,82.93266296,386
326,326,PRATHMIK VIDYALAYA MAHMOODPUR R.NO. 4,प्राथमिक विद्यालय महमूदपुर क0सं0 4,R,25.309152603149414-82.9327392578125,25.3091526,82.93273926,386
327,327,COMPOSIT VIDYALAYA MAHESHPUR R.NO. 1,संविलयित विद्यालय महेशपुर क0सं0 1,U,25.309005764810163-82.93280035257338,25.30900576,82.93280035,386
328,328,COMPOSIT VIDYALAYA MAHESHPUR R.NO. 2,संविलयित विद्यालय महेशपुर क0सं0 2,U,25.314017636268908-82.95273587107657,25.31401764,82.95273587,386
329,329,COMPOSIT VIDYALAYA MAHESHPUR R.NO. 3,संविलयित विद्यालय महेशपुर क0सं0 3,U,25.307670624989374-82.93414313346148,25.3102917,82.9586367,386
330,330,SILWAR GROW INTERMIDIATE COLLEGE MAHESHPUR R.NO. 1,सिल्वर ग्रो इण्टरमीडीएट कालेज महेशपुर क0सं0 1,U,25.310058711467924-82.9592590034008,25.31005871,82.959259,386
331,331,SILWAR GROW INTERMIDIATE COLLEGE MAHESHPUR R.NO. 2,सिल्वर ग्रो इण्टरमीडीएट कालेज महेशपुर क0सं0 2,U,25.311412919565495-82.93553151190282,25.3101569,82.9591896,386
332,332,MA SARASWATI INTER COLLAGE CHANDPUR R.NO. 1,मॉं0 सरस्‍वती इण्‍टर कालेज चॉंदपुर क0सं0 1,U,25.307600003109062-82.93637070804834,25.3076,82.93637071,386
333,333,MA SARASWATI INTER COLLAGE CHANDPUR R.NO. 2,मॉं0 सरस्‍वती इण्‍टर कालेज चॉंदपुर क0सं0 2,U,25.309555053710938-82.93519592285156,25.3101043,82.9569259,386
334,334,MA SARASWATI INTER COLLAGE CHANDPUR R.NO. 3,मॉं0 सरस्‍वती इण्‍टर कालेज चॉंदपुर क0सं0 3,U,25.31402975955758-82.93675225228071,25.3104117,82.9569576,386
335,335,MA SARASWATI INTER COLLAGE CHANDPUR R.NO. 4,मॉं0 सरस्‍वती इण्‍टर कालेज चॉंदपुर क0सं0 4,U,7.711358453075222--39.9999999627471,25.3104079,82.9569976,386
336,336,MA SARASWATI INTER COLLAGE CHANDPUR R.NO. 5,मॉं0 सरस्‍वती इण्‍टर कालेज चॉंदपुर क0सं0 5,U,25.301002586202536-82.94124595820904,25.3103923,82.9570127,386
337,337,PANCHAYAT BHAWAN CHANDPUR,पंचायत भवन चांदपुर,U,25.305551528930664-82.93620300292969,25.3094251,82.9553174,386
338,338,PRATHMIK VIDYALAYA BHITARI R.NO. 1,प्राथमिक विद्यालय भिटारी क0सं0 1,U,25.307668200204485-82.93563645333052,25.3138076,82.9527454,386
339,339,PRATHMIK VIDYALAYA BHITARI R.NO. 2,प्राथमिक विद्यालय भिटारी क0सं0 2,U,25.30764940811979-82.93563444167374,25.313941,82.9528194,386
340,340,PRATHMIK VIDYALAYA BHITARI R.NO. 3,प्राथमिक विद्यालय भिटारी क0सं0 3,U,25.307999789090307-82.93350208550692,25.3137431,82.9527286,386
341,341,PRATHMIK VIDYALAYA BHITARI R.NO. 4,प्राथमिक विद्यालय भिटारी क0सं0 4,U,25.30763425321066-82.94124595820904,25.3138182,82.9527574,386
342,342,ENGLISH MEDIUM PRIMARY SCHOOL KERAKATPUR R.NO. 1,इंग्लिश मीडियम प्राईमरी स्‍कूल केराकतपुर क0सं0 1,R,25.27688983221276-82.92478356510401,25.27688983,82.92478357,386
343,343,ENGLISH MEDIUM PRIMARY SCHOOL KERAKATPUR R.NO. 2,इंग्लिश मीडियम प्राईमरी स्‍कूल केराकतपुर क0सं0 2,R,25.31151869749259-82.93626945465803,25.3115187,82.93626945,386
344,344,PRATHMIK VIDYALAYA PHOOLWARIA R.NO. 1,प्राथमिक विद्यालय फुलवरिया क0सं0 1,U,25.310245416080193-82.93354030698539,25.3271308,82.9637657,386
345,345,PRATHMIK VIDYALAYA PHOOLWARIA R.NO. 2,प्राथमिक विद्यालय फुलवरिया क0सं0 2,U,25.311695094861864-82.93245702981947,25.3270534,82.9631731,386
346,346,PRATHMIK VIDYALAYA PHOOLWARIA R.NO. 3,प्राथमिक विद्यालय फुलवरिया क0सं0 3,U,25.320725266487653-82.92696688324213,25.327363,82.9624676,386
347,347,PRATHMIK VIDYALAYA PHOOLWARIA R.NO. 4,प्राथमिक विद्यालय फुलवरिया क0सं0 4,U,25.33122118023053-82.9113493859768,25.3268489,82.9622956,386
348,348,PRATHMIK VIDYALAYA PHOOLWARIA R.NO. 5,प्राथमिक विद्यालय फुलवरिया क0सं0 5,U,25.313207494754174-82.92062379419802,25.3269107,82.9628139,386
349,349,PRATHMIK VIDYALAYA PAHALUKAPURA (PHOOLWARIA) R.NO. 1,प्राथमिक विद्यालय पहलूकापुरा (फुलवरिया) क0सं0 1,U,25.311462323021445-82.92451467365026,25.3336159,82.9656501,386
350,350,PRATHMIK VIDYALAYA PAHALUKAPURA (PHOOLWARIA) R.NO. 2,प्राथमिक विद्यालय पहलूकापुरा (फुलवरिया) क0सं0 2,U,25.311447168589243-82.92092118412255,25.3334531,82.9656241,386
351,351,PRATHMIK VIDYALAYA PAHALUKAPURA (PHOOLWARIA) R.NO. 3,प्राथमिक विद्यालय पहलूकापुरा (फुलवरिया) क0सं0 3,U,25.315196923492387-82.91976179927589,25.3335177,82.9654663,386
352,352,PRATHMIK VIDYALAYA PAHALUKAPURA (PHOOLWARIA) R.NO. 4,प्राथमिक विद्यालय पहलूकापुरा (फुलवरिया) क0सं0 4,U,25.316389231515984-82.91637416929008,25.3334713,82.9655309,386
353,353,PURVA MADHYAMIK VIDYALAYA PHOOLWARIA R.NO. 1,पूर्व माध्यमिक विद्यालय फुलवरियां क0सं0 1,U,25.316389231515984-82.91637416929008,25.31638923,82.91637417,386
354,354,PURVA MADHYAMIK VIDYALAYA PHOOLWARIA R.NO. 2,पूर्व माध्यमिक विद्यालय फुलवरियां क0सं0 2,U,25.31301109599527-82.93111424893141,25.3130111,82.93111425,386
355,355,PURVA MADHYAMIK VIDYALAYA PHOOLWARIA R.NO. 3,पूर्व माध्यमिक विद्यालय फुलवरियां क0सं0 3,U,25.314151901623216-82.93116755783558,25.3141519,82.93116756,386
356,356,SARWANAND PUBLIC SCHOOL PHOOLWARIA R.NO. 1,सर्वानन्द पब्लिक स्कूल फुलवरिया क0सं0 1,U,25.312694068931723-82.93352521955967,25.3270004,82.9634097,386
357,357,SARWANAND PUBLIC SCHOOL PHOOLWARIA R.NO. 2,सर्वानन्द पब्लिक स्कूल फुलवरिया क0सं0 2,U,25.312868039908704-82.92746745049953,25.3269489,82.9635024,386
358,358,PANCHAYAT BHAWAN PHOOLWARIA R.NO. 1,पंचायत भवन फुलवरियॉं क0सं0 1,U,25.310510621000688-82.95870210975407,25.3237029,82.9614136,386
359,359,PANCHAYAT BHAWAN PHOOLWARIA R.NO. 2,पंचायत भवन फुलवरियॉं क0सं0 2,U,25.30883209138211-82.96117410063744,25.3236023,82.9617411,386
360,360,PANCHAYAT BHAWAN PHOOLWARIA R.NO. 3,पंचायत भवन फुलवरियॉं क0सं0 3,U,25.306989561621002-82.96232610940933,25.3235132,82.9617794,386
361,361,SARDAR PATEL ADARSH INTERMEDIATE COLLAGE CHANDPUR R.NO.-1,सरदार पटेल आदर्श इंटरमीडिएट कॉलेज चांदपुर क0स0 1,U,25.3104609140655-82.95848853886127,25.3040305,82.9537867,386
362,362,SARDAR PATEL ADARSH INTERMEDIATE COLLAGE CHANDPUR R.NO.- 2,सरदार पटेल आदर्श इंटरमीडिएट कॉलेज चांदपुर क0स0 2,U,25.310196012127978-82.95916747301816,25.3040175,82.9533773,386
363,363,SARDAR PATEL ADARSH INTERMEDIATE COLLAGE CHANDPUR R.NO.-3,सरदार पटेल आदर्श इंटरमीडिएट कॉलेज चांदपुर क0स0 3,U,25.31347784561136-82.96309657394885,25.3043594,82.9533223,386
364,364,PRATHMIK VIDYALAYA CHURAMANPUR (CHANDAPUR) R.NO. 1,प्राथमिक विद्यालय चुरामनपुर (चन्‍दापुर) क0सं0 1,R,0.0-0.0,25.30995246,82.95632195,386
365,365,PRATHMIK VIDYALAYA CHURAMANPUR (CHANDAPUR) R.NO. 2,प्राथमिक विद्यालय चुरामनपुर (चन्‍दापुर) क0सं0 2,R,25.3099632374073-82.95622240751982,25.30996324,82.95622241,386
